*,foliohog,factor,s_jefe,edad_jefe,tot_integ,hombres,mujeres,mayores,menores,p65mas,percep_ing,ing_cor,ingtrab,transfer,alimentos,bebidas,vestido,calzado,limpieza,salud,hospital,medicinas,transporte
360082311,1,44,1,42,1,1,0,1,0,0,1,63305.73,,0,10324.15,4924.21,1115.21,1369.56,653.2,0,0,0,5293.65
204529906,1,685,1,50,4,2,2,4,0,0,1,54624.81,40108.69,0,10234.14,0,0,0,667.72,0,0,0,11871.28
1561125509,1,441,2,57,2,1,1,2,0,0,2,45532.51,38274.45,0,10028.47,385.7,1340.2,0,708.35,0,0,0,3203.48
1518453002,1,1633,2,38,3,1,2,3,0,0,3,123894.28,70906.3,12342.82,18179.8,218.57,0,0,566.11,1213.03,0,39.13,10416.27
1507481605,1,2282,2,33,1,0,1,1,0,0,1,30058.64,11471.31,7187.33,,462.85,0,0,1247.65,943.99,0,386.4,4252.65
1103301905,1,738,1,45,6,3,3,3,3,0,1,26041.28,25141.29,899.99,16733.28,179.99,342.37,1741.29,8687.98,342.38,0,0,4307.54
2501234605,2,222,1,23,3,1,2,2,1,0,1,33259.94,30688.52,2571.42,19098.97,2185.69,1134.76,0,606,264.1,0,0,2250
760974314,1,956,1,35,6,3,3,5,1,0,3,23078.4,19992.69,3085.71,7354.18,192.85,0,0,804.17,0,0,0,3289.71
2806886701,1,502,2,52,2,1,1,2,0,0,2,23729.49,16229.49,0,3664.26,565.7,391.3,0,1314,456.83,0,34.23,3497.13
1501554202,1,2182,1,39,1,1,0,1,0,0,1,152626.26,0,0,19787,1799.95,1614.12,1349.99,1103.19,37.17,0,37.17,
2403892505,1,427,1,68,5,2,3,5,0,1,5,69363.38,65298.87,0,19542.63,2622.84,1565.19,733.68,2173.66,1633.67,0,361.95,6692.47
960019213,1,23,2,70,1,0,1,1,0,1,1,14286.41,0,13415.45,4821.32,205.71,0,0,1085.76,0,0,0,1285.68
2504346911,1,202,1,61,5,3,2,5,0,0,2,76620.04,0,73716.82,7225.63,1041.41,2592.35,391.3,2923.98,1369.54,1369.54,0,50283.66
1160719916,1,368,2,22,3,2,1,1,2,0,2,57887.77,0,55565.19,15235.58,1877.12,929.34,763.04,11869.84,440.2,0,440.2,2266.03
101752701,1,189,1,74,2,1,1,2,0,1,2,28301.22,0,19301.22,3664.22,0,0,0,648,469.55,0,107.6,3900
1900147006,1,671,1,53,4,3,1,4,0,0,3,49586.39,39756.91,2571.42,17845.54,1645.68,586.94,342.39,2025.88,97.82,0,0,4128.23
2403508920,1,291,1,60,5,2,3,3,2,0,2,248500.37,232955.68,1028.57,11506.98,977.13,3414.09,904.88,7774.45,5135.85,831.52,1369.56,39330.81
1100301404,1,827,1,53,3,2,1,3,0,0,1,103765.04,92152.14,0,41290.46,1844.98,1506.49,733.68,6688.05,190.74,0,190.74,18975.68
2201996806,1,263,2,29,5,3,2,2,3,0,1,44262.29,44262.29,0,12715.61,372.85,0,3032.59,1917,97.82,0,97.82,4767
805726405,1,366,1,47,3,1,2,2,1,0,1,41399.35,34141.29,0,15505.51,2185.66,1594.52,2015.2,1823.99,459.76,0,0,5571.18
2606413624,1,507,1,80,2,1,1,2,0,2,2,45619.62,9344.25,21275.37,8832.75,218.57,0,0,3218.21,0,0,0,0
3060580723,1,457,1,58,2,1,1,2,0,1,2,82426.21,0,76426.21,11770.54,462.85,586.95,0,1551,1526.08,0,1526.08,1500
703867820,1,609,2,49,3,1,2,3,0,0,2,32606.53,23606.55,8999.98,5952.69,424.27,293.47,0,1552.95,94.89,0,94.89,118.03
502668306,1,362,1,78,5,2,3,3,2,2,3,57133.56,14673.91,33749.98,10465.59,1799.96,0,1760.85,3348.45,0,0,0,3810.93
300936803,1,132,2,67,1,0,1,1,0,1,1,24754.91,17704.91,1050,8426.09,1285.7,0,0,803.36,552.7,0,132.06,2958.62
260256013,1,53,1,48,6,3,3,5,1,0,4,,60072.16,0,14526.2,385.7,3316.27,1183.68,1709.97,2005.43,2005.43,0,12282.12
1405391701,1,928,1,36,1,1,0,1,0,0,1,23339.57,17339.57,0,2333.52,231.42,0,0,252,0,0,0,1234.28
2061982202,1,294,1,26,3,1,2,2,1,0,1,15138.68,6233.36,195.65,8087.04,449.99,489.13,0,647.39,224.99,0,0,2043.64
2105442703,1,841,2,51,4,1,3,4,0,0,3,54028.65,39950.13,5078.52,12445.57,809.99,489.13,0,0,464.65,0,73.36,5517.84
206587806,1,650,1,43,3,2,1,3,0,0,3,76475.39,59213.1,2262.29,24466.95,1542.84,733.69,586.95,279,0,0,0,10649.95
506386721,1,190,2,66,5,1,4,5,0,2,4,436825.91,47606.53,371219.38,29005.51,1941.41,6436.93,0,40129.41,7933.64,0,1379.31,91564.52
1460363421,1,447,1,52,5,3,2,4,1,0,3,68425.49,62142.09,1928.57,58332.6,1761.4,621.18,1418.46,5701.29,1222.81,0,0,19874.62
2403103703,1,400,1,29,4,1,3,2,2,0,1,57865.56,,8852.45,14322.68,1028.56,264.12,1076.07,1800,3590.2,0,68.47,6244.67
1160443515,2,262,1,26,4,1,3,2,2,0,2,26644.23,24668.15,1976.08,6994.2,,0,0,92.9,2641.3,0,0,
1800225606,1,210,1,55,5,4,1,5,0,0,4,187627.8,148037.65,24590.15,26549.8,2545.71,1349.99,1565.21,2050.1,9580.09,0,0,16967.2
160064910,1,73,2,39,7,3,4,7,0,0,5,118159.63,112353.18,0,22867.37,899.99,2788.03,0,4661.04,3262.49,3218.47,44.02,14370.96
1412594301,1,1129,2,65,2,1,1,2,0,1,1,28380.6,,0,7174.17,784.26,0,342.39,249.66,127.16,0,127.16,1223.49
3103040718,1,341,2,51,6,2,4,4,2,0,3,29668.07,27885.22,282.85,15235.49,745.71,108.57,0,1497,0,0,0,5153.1
2900747002,1,265,1,34,5,3,2,2,3,0,4,43891.85,28663.04,6494.69,24865.49,0,1760.82,996.84,2879.98,366.84,0,366.84,3760.46
2560173524,1,418,1,35,4,2,2,3,1,0,2,34785,29445.63,3307.12,11725.54,1774.26,1483.94,489.12,3833.46,133.03,0,133.03,5854.41
1100191906,1,705,2,42,2,0,2,1,1,0,1,31951.53,23038.03,4558.67,4937.02,0,286.62,0,840.06,6833.1,0,34.23,3218.41
3160229715,1,114,2,31,6,2,4,4,2,0,1,18669.03,15344.26,324.77,6685.53,732.81,0,0,810,1007.57,391.3,0,0
2660438018,1,161,1,50,4,2,2,4,0,0,4,86348.84,58695.63,782.6,16482.65,2159.96,0,0,2518.76,1134.76,0,0,8307.75
2560296016,1,463,1,80,1,1,0,1,0,1,1,10783.25,0,9331.64,10787.05,0,430.42,0,3055.27,616.29,0,440.21,1480.63
300853815,1,169,1,32,1,1,0,1,0,0,1,140867.15,140867.15,0,16900.63,1652.1,3805.42,1076.08,3751.08,0,0,0,27162.27
1506000805,1,1689,1,54,5,2,3,4,1,0,2,50262.28,35409.83,8852.45,27591.17,4114.27,1369.55,2201.07,2686.43,679.88,0,0,6402.8
2504501219,1,239,1,43,4,2,2,4,0,0,2,63967.66,52831.48,2426.51,7662.75,295.71,2254.85,391.29,2104.81,1007.6,0,1007.6,4941.19
2601261705,1,413,1,50,4,3,1,3,1,0,3,66137.68,44754.09,15383.59,6042.8,848.56,0,0,2559,273.9,0,0,1328.56
860163202,1,84,1,57,1,1,0,1,0,0,1,18293.22,14729.16,2983.42,2854.27,0,0,0,101.6,0,0,0,0
206373404,1,540,1,42,4,2,2,4,0,0,2,99189.13,86240.76,2787.08,22782.64,1928.54,0,0,2356.54,234.77,0,234.77,5806.44
802085305,1,315,2,41,4,2,2,3,1,0,4,66097.55,55946.65,2892.84,35588.37,6788.54,395.2,586.94,1010.3,0,0,0,13942.55
2202466809,1,313,1,50,4,3,1,4,0,0,4,56360.63,45442.61,1918.02,14734.02,1157.13,1173.9,684.78,1767.65,313.03,0,0,2700
3160482601,1,86,1,52,1,1,0,1,0,0,1,45945.5,29754.08,1191.42,16469.84,4731.38,674.99,371.73,1884,220.1,0,220.1,1595.9
1960145420,1,97,1,24,2,1,1,2,0,0,2,48225.29,36538.03,8203.39,13937.01,6299.98,58.69,0,2274.44,1506.52,1506.52,0,2530.85
860084823,1,89,2,77,1,0,1,1,0,1,1,52327.86,0,22327.86,3304.25,282.85,0,0,885,1991.72,0,0,0
1261538704,1,326,1,52,7,3,4,4,3,0,3,23744.24,16440.97,2803.27,18051.13,1774.26,880.4,420.64,1338.54,0,0,0,2742.84
460245921,1,138,1,56,1,1,0,1,0,0,1,12938.34,6212.93,3822.19,7971.31,0,0,0,1803.65,254.34,0,254.34,10585.93
800198605,1,265,1,65,3,2,1,3,0,1,2,99073.76,35409.83,50163.93,29481.26,437.14,0,0,1464,0,0,0,15900
3201482218,1,160,1,56,5,2,3,4,1,0,4,44511.32,28392.25,13215.85,11912.03,128.57,146.73,146.73,2142.55,166.3,0,166.3,2280.96
504146506,1,243,2,44,3,1,2,2,1,0,2,45705.73,43777.16,1928.57,12702.65,1208.56,518.46,0,1027.7,0,0,0,8462.21
3260787623,1,98,1,42,2,1,1,2,0,0,2,35158.83,31229.49,929.34,15582.65,282.85,1540.74,0,2190,0,0,0,7500
2803236201,1,450,1,47,6,4,2,5,1,0,4,,134104.92,0,16444.21,1928.56,6006.5,489.13,4706.45,63.58,0,63.58,30833.72
2400208004,1,402,2,59,4,2,2,3,1,0,3,36034.68,23184.77,7043.46,13538.46,0,0,1389.12,1344.15,0,0,0,6402.3
1301292516,1,453,2,54,5,2,3,3,2,0,2,32147.5,23117.64,7578.25,6531.3,578.57,626.07,117.39,865.14,156.52,0,0,4856.63
1603701301,3,785,1,39,4,2,2,3,1,0,3,45576.4,38639.31,6937.09,18391.96,0,674.99,1012.48,368.69,0,0,0,2903.22
960018313,1,26,2,62,4,2,2,3,1,0,4,111544.41,98559.75,4274.99,17607.63,1079.97,855.95,1349.98,1577.06,24.45,0,24.45,4892.48
1703334916,1,176,2,41,3,2,1,2,1,0,3,66709.48,29543.47,13940.21,10465.63,0,0,2249.99,4935.45,342.38,0,0,3622.71
1300640206,1,573,1,66,4,2,2,4,0,1,3,141183.82,91642.05,37928.87,5528.5,0,0,0,2006.09,0,0,0,21257.95
2303103001,1,292,1,52,9,7,2,8,1,0,6,116265.31,113991.97,821.73,31705.59,1671.42,0,0,2293.5,0,0,0,11634.58
2062529824,1,386,2,80,1,0,1,1,0,1,1,18968.44,678.68,13789.76,3214.25,0,185.86,0,1050,0,0,0,0
917532902,1,1332,2,73,4,3,1,4,0,2,4,86376.86,48961.95,25802.01,16225.55,205.71,0,0,879.66,371.72,0,0,4982.96
2100578906,1,663,1,66,3,1,2,3,0,1,1,87874.29,0,77713,21889.02,552.85,2572.81,391.3,1389.11,1242.36,0,0,6075.42
2702092904,1,268,2,32,5,1,4,4,1,0,4,36531.39,25826.08,1995.64,54430.47,2931.38,816.82,117.39,1179.35,1398.9,1320.64,0,2464.27
2500815506,1,314,2,33,1,0,1,1,0,0,1,71547.13,61385.84,0,14039.87,385.7,2934.77,0,3309.63,0,0,0,2351.61
100391902,1,178,1,27,2,1,1,2,0,0,2,247929.22,247061.16,868.06,39329.93,642.84,17158.65,10565.2,12583.24,9968.45,0,2817.38,16839.83
2001163404,1,623,2,73,2,1,1,2,0,1,2,24472.04,15701.07,4416.14,5078.48,0,146.73,68.47,575.5,0,0,0,2016.23
500268903,1,197,1,39,6,3,3,4,2,0,3,78827.06,67312.63,1643.47,5618.49,1851.42,2064.11,811.94,2928.13,0,0,0,4085.21
301328404,1,173,1,57,2,1,1,2,0,0,2,106070.28,77038.03,0,24685.64,0,2406.51,0,1318.02,0,0,0,15686.12
2260476303,1,139,2,60,3,1,2,3,0,0,2,36087.82,30484.62,2699.98,14104.12,1697.12,2396.7,978.24,365.79,0,0,0,1234.28
900401202,1,1238,2,78,2,0,2,2,0,1,2,,0,50330.46,7232.08,0,0,0,217.73,978.25,0,0,6129.82
207836319,1,526,2,37,4,2,2,4,0,0,2,41235.26,36880.43,0,9822.73,1079.98,782.6,313.04,1913.43,958.68,0,0,7036.45
2461002621,1,225,1,52,6,3,3,6,0,0,5,45481.93,41695.05,786.88,11082.77,0,890.17,1076.07,2344.47,223.02,0,223.02,6831.38
1560041415,1,428,2,77,2,1,1,2,0,1,2,17417.79,8735.86,5778.71,5489.92,758.56,792.37,733.69,459.64,122.27,0,122.27,0
1101313401,1,1461,2,33,2,1,1,2,0,0,2,32646.13,28291.3,0,20519.72,0,586.95,352.17,3753.82,0,0,0,6329.01
201291704,1,599,1,22,2,2,0,2,0,0,2,78751.73,68466.02,1285.71,9514.25,2121.42,1956.51,0,2828.4,371.72,0,0,19714.26
860204914,1,96,1,64,3,2,1,3,0,1,3,25223.33,18195.64,5576.08,6145.67,0,3521.73,0,1794.16,0,0,0,0
2860082704,1,261,1,24,4,2,2,2,2,0,2,15826.22,15826.22,0,13242.73,3098.53,1516.29,195.65,1594.72,626.05,0,117.38,3900
1560341919,1,439,1,87,3,1,2,3,0,2,2,55290.8,17608.69,31875.66,1979.96,0,0,0,464.5,1105.42,0,0,1234.28
3160250924,1,96,1,38,1,1,0,1,0,0,1,20483.34,11665.75,29.03,10529.88,8845.66,97.82,0,955.14,58.69,0,58.69,676.03
1960145417,1,97,1,49,1,1,0,1,0,0,1,36106.65,5549.66,27653.77,0,0,0,0,0,0,0,0,0
205307702,1,555,2,37,2,1,1,2,0,0,2,73106.52,73106.52,0,16558.54,797.12,890.19,968.47,2343,381.52,0,381.52,9142.62
2604571505,1,482,1,37,11,5,6,6,5,0,4,92172.13,89433.02,2739.11,19230.19,1709.97,1103.45,586.94,2064.17,2161.93,1809.77,0,8780.9
660120217,1,19,1,37,4,1,3,3,1,0,3,41779.41,27456.71,11419.48,22988.43,2031.4,322.81,0,850.6,0,0,0,8308.71
903446905,1,1439,2,48,3,0,3,3,0,0,3,76763.47,69505.41,0,6852.78,257.14,381.52,0,2038.02,0,0,0,8091.27
1908011702,1,1126,2,73,2,1,1,2,0,2,2,44472.48,0,23472.48,8202.75,385.71,0,0,402,261.17,0,0,2940
2504224514,1,185,1,60,4,3,1,4,0,0,4,212626.24,72543.9,41826.61,20069.9,591.42,2122.82,3911.08,9914.71,56152.15,0,54586.94,64891.3
2108135618,1,628,2,37,5,2,3,3,2,0,4,36516.79,25967.2,6049.59,8472.69,694.27,0,244.56,882,1799.99,0,0,2038.52
3200107402,1,277,1,34,5,1,4,2,3,0,1,42798.91,42798.91,0,11198.42,822.85,254.33,0,795.46,0,0,0,6052.59
3201983722,1,170,2,68,3,1,2,3,0,1,1,9073.76,3934.42,3639.34,2918.51,0,0,0,249,587.93,0,0,0
1509640005,1,1901,2,68,3,1,2,3,0,1,3,58059.77,54342.38,3717.39,14264.84,1028.56,2103.24,1144.55,5474.82,0,0,0,9459.42
